,user_id,name,username,email,no of followers
0,1,Eniayomi Oluwaseyi,eniayomi,oluwaseyieniayomi@gmail.com,2
2,2,Elijah Okokon,DMatrix,okoelijah@gmail.com,1
3,3,Jeffrey Ogah,jeff.ogah,jeff.ogah@gmail.com,8
11,4,Oluwaseyi Oluwapelumi,nathan,nathanoluwaseyi@gmail.com,10
21,6,Seyi Onifade,xyluz,hngtechapps@gmail.com,1
22,7,Mark Essien,markessien,markessien@gmail.com,3
25,8,Alex Moses,ahlesswywk,ahlesswywk@gmail.com,3
28,9,Edmund Ekott,26th_edmund,edmund.timfon@gmail.com,8
36,11,Jenni Essien,j.naiaretti,j.naiaretti@gmail.com,1
37,15,Patrick Aziken,onaziken,onaziken@gmail.com,2
39,17,Jane Arisah,jarish001,jarish001@gmail.com,1
40,18,Wisdom Anthony,wizitendo10,wizitendo10@gmail.com,1
41,20,albert oboh,albidosurest,albidosurest@gmail.com,4
45,23,Oluwatomisin Lalude,oluwatomisin1605,oluwatomisin1605@gmail.com,8
53,25,Abraham Ebuka,buka4rill,buka4rill@gmail.com,1
54,26,Everistus Olumese,everistusolumese,everistusolumese@gmail.com,1
55,28,Kelvin Pere,perekelvin66,perekelvin66@gmail.com,1
56,39,Joshua Folorunsho,folorunshophysismaster,folorunshophysismaster@gmail.com,4
60,45,Motunrayo Da-costa,motunrayodacosta,motunrayodacosta@gmail.com,1
61,46,Okiki Joshua Mayowa,okikiomikunle,okikiomikunle@gmail.com,11
72,47,Meed Ubarab,utempirehelp,ubarab85@live.com,5
77,48,idiaghe osaigbovo,idiagheosaigbovoosas,idiagheosaigbovoosas@gmail.com,1
78,49,Abigail Jibril,abigailjibril,abigailjibril@gmail.com,6
84,50,Tontoye Samson,samsontontoye,samsontontoye@gmail.com,5
89,52,Ayo Adeyi,ayodeleadeyi80,ayodeleadeyi80@gmail.com,10
99,54,Esther Adeyi,adeyiesther01,adeyiesther01@gmail.com,6
105,55,PAUL OKONKO,contact,contact@paulokonko.com,2
107,56,Jegede Ayodeji,jeggsatony,jeggsatony@gmail.com,1
108,57,folarin kamar,omofolarinwa.kamar,omofolarinwa.kamar@gmail.com,11
119,59,Oluwatomiloba Arotiba,ob.arotiba,ob.arotiba@gmail.com,11
130,61,wanapere akpos,akpos008,akpos008@gmail.com,2
132,62,Gift Omodu,giftomodu20,giftomodu20@gmail.com,8
140,68,Zainab Bello,khemmy65,khemmy65@gmail.com,8
148,69,davis agughalam,daveuwe1,daveuwe1@gmail.com,2
150,70,Joseph Achonu,josephachonu,josephachonu@gmail.com,3
153,71,Message Akunna,message.ao,message.ao@gmail.com,3
156,72,Nefe Emadamerho,nefejames1,nefejames1@gmail.com,4
160,73,charles okoliocha,charlesokoliocha,charlesokoliocha@gmail.com,1
161,74,Akan Udoukpo,akan.udoukpo,akan.udoukpo@gmail.com,6
167,76,Chinaza Ugwu,chinazaugwu12,chinazaugwu12@gmail.com,1
168,78,Emmanuel Ezenwigbo,emmanuelezenwigbo,emmanuelezenwigbo@gmail.com,6
174,81,David Adigwu,davidadigwu,davidadigwu@gmail.com,7
181,82,Edima Inwang,edimainwang,edimainwang@gmail.com,21
202,86,Benjamin-Whyss Olumide,benjaminwhyss,benjaminwhyss@gmail.com,4
206,87,Victor Mba,victormba34,victormba34@gmail.com,4
210,89,Charles Oloyede,charlesoloyede,charlesoloyede@gmail.com,1
211,90,Edward Ibekwe,dward009,dward009@gmail.com,9
220,91,chiboi cesc,chiboicesc,chiboicesc@gmail.com,2
222,92,Bindas Samuel,bindas.fs,bindas.fs@gmail.com,4
226,93,Eniola fanegan,eni.fanegan,eni.fanegan@gmail.com,8
234,95,Paul Afekhume,omoh.afekhume1,omoh.afekhume1@gmail.com,4
238,97,Oliyide Rafiu,tjruffy,tjruffy@gmail.com,3
241,100,omoyajowo temidayo,temideewan,temideewan@gmail.com,4
245,101,Mercy Inyang,mercyinyang,mercinyang@gmail.com,24
269,102,Esther Jadaman,estherjadaman,estherjadaman@gmail.com,4
273,103,Jinad Walliy,jinadwalliy,jinadwalliy@gmail.com,3
276,106,Damilare Olabimtan,damilareolabimtan,damilareolabimtan@gmail.com,8
284,107,Uloma,ulomakr,ulomakr@gmail.com,8
292,108,SUNDAY FORTUNE,fortunatewebs,fortunatewebs@gmail.com,5
297,110,Ifeoluwa Aminu,IfeAminu,aminuifeoluwa@gmail.com,8
305,111,Benson Nwarie,primteb,primteb@gmail.com,2
307,112,Ekemini Ekwere,ekemini.ekwere,ekemini.ekwere@gmail.com,12
319,113,Babatunde Damilare,bdamilare3,bdamilare3@gmail.com,12
331,115,Vivian Bena,jemimah.vb,jemimah.vb@gmail.com,16
347,116,peta idehen,petaidehen,petaidehen@gmail.com,1
348,117,makanju adegboyega,adegboyegaphilemon,adegboyegaphilemon@gmail.com,3
351,118,Edmund Chibuzor,codelieutenant,3rillionaire@gmail.com,5
356,119,Franklyn Okenwa,franklynwisdom,franklynwisdom@gmail.com,13
369,120,folarin ayoola,iburity19,iburity19@gmail.com,7
376,121,CHUKWUEBUKA ANYADIEGWU,chubukass,chubukass@gmail.com,6
382,122,ayodeji olaniran,ayodejiolaniran19,ayodejiolaniran19@gmail.com,2
384,125,Abdulazeez Gbindinninuola,gbindinazeez,gbindinazeez@gmail.com,1
385,132,ITing Concept,adurajoshua,adurajoshua@gmail.com,5
390,135,Ayodele Kayode,kayodele17,kayodele17@gmail.com,7
397,137,Omokugbo Boro,omokugbobr,omokugbobr@gmail.com,8
405,138,Adetoun Abimbola,detoun4med,detoun4med@gmail.com,14
419,139,David Adedeji,davidadedeji32,davidadedeji32@gmail.com,34
453,140,Abdullah Oladipo,abdullahakinwumi,abdullahakinwumi@gmail.com,1
454,142,Rita Nzere,reeta.nzere,reeta.nzere@gmail.com,28
482,143,Siyanbola Faruk,siyanbolafaruk,siyanbolafaruk@gmail.com,3
485,144,David Akpan,thedavyloper,daviduwana@gmail.com,2
487,145,SOLOMON AFOLABI,solomonafol,solomonafol@gmail.com,1
488,148,Idongesit Patrick Inyang,inyangidongesit22,inyangidongesit22@gmail.com,38
526,150,Precious Nsa,calabarspice,calabarspice@gmail.com,3
529,151,Emike Dan,daniaemike,daniaemike@gmail.com,2
531,152,Inemesit Umoh,inemesit1995,inemesit1995@gmail.com,17
548,153,Abiodun Afolabi,abiodun_flb,abiodun_flb@yahoo.com,10
558,154,Manasseh C. Bassey,chrisungarro,chrisungarro@gmail.com,2
560,155,Edify Solutions,edifysolutionsc,edifysolutionsc@gmail.com,4
564,156,Ifeoluwa Asiyanbi,ifeoluwaasiyanbi,ifeoluwaasiyanbi@gmail.com,13
577,158,Eneanya Onyekachi,oeneanya99,oeneanya99@gmail.com,6
583,160,Aderoju Olaitan,olaitanaderoju,olaitanaderoju@gmail.com,12
595,161,Frederick Damasus,frederickdamasus,frederickdamasus@gmail.com,5
600,163,Jay Codist,jaycodist,jaycodist@gmail.com,2
602,164,Declan Chukwurah,ifydechu,ifydechu@gmail.com,15
617,165,Damilola Olayemi,damilolaolayemi1,damilolaolayemi1@gmail.com,15
632,167,Idongesit Essien,idongesitessien,ceoidessien7@gmail.com,10
642,168,Oladimeji Daniel,danieloladimeji04,danieloladimeji04@gmail.com,5
647,170,Akinwunmi Akinbode,plmakinbode,plmakinbode@gmail.com,2
649,171,Anifowose Ibraheem Bolaji,harnismovick,harnismovick@gmail.com,1
650,172,B. Akd,bosedeakeredolu,bosedeakeredolu@gmail.com,11
661,173,Nseari Ndifon,onsearinahud,onsearinahud@gmail.com,14
675,174,Gabriel John,agjohngabriel,agjohngabriel@gmail.com,1
676,175,lateef raji,rajilat1000,rajilat1000@gmail.com,3
679,179,Afolabi-George Jacob,afogeorge2015,afogeorge2015@gmail.com,3
682,180,AM Salisu,amuhdsalisu,amuhdsalisu@gmail.com,2
684,183,Chukwudi Nnamani,chukwudialexander28,chukwudialexander28@gmail.com,8
692,184,Soromkelechi Apugo,laviedegeorge1292,laviedegeorge1292@gmail.com,2
694,188,henry max,henrymax90,henrymax90@gmail.com,6
700,189,Thankgod Eze,thankgodeze98,thankgodeze98@gmail.com,5
705,191,Ebuka Harry,ebukaharry6,ebukaharry6@gmail.com,2
707,192,Rahmat AbdulMajeed,breezieme,breezieme@gmail.com,8
715,196,Taofeeq Oluderu,oluderutaofeeq,oluderutaofeeq@gmail.com,7
722,200,Ojo Ahmed,ojoahmed1,ojoahmed1@gmail.com,2
724,201,Babarinde Ademola,babarindeademola,babarindeademola@gmail.com,1
725,202,Ayuba Abdullahi Jr,ayubaabdullahijr,ayubaabdullahijr@gmail.com,1
726,206,Aboderin Qasim,qasimaboderin,qasimaboderin@gmail.com,5
731,207,Igunnu Emmanuel,igunnuemmanuel,igunnuemmanuel@gmail.com,1
732,208,Olawale Esan,walexy730,walexy730@gmail.com,2
734,209,Utibeka theresa nde,utheraniskande,utheraniskande@gmail.com,5
739,213,okeke sunday,okeke.sunday1800,okeke.sunday1800@gmail.com,12
751,214,Charitee Araoye,chantya.ca,chantya.ca@gmail.com,14
765,215,Adedamola Aderounmu,aderounmuadedamola,aderounmuadedamola@gmail.com,7
772,216,joshua obinna,joshuaobinna93,joshuaobinna93@gmail.com,3
775,218,ABDULKAREEM MUSTAPHA,aphatheology,aphatheology@gmail.com,6
781,219,Anu Ade,anuaade,anuaade@gmail.com,5
786,220,Toyosi Durotoye,corperevon,corperevon@gmail.com,6
792,223,George Wonah,gwonah,gwonah@gmail.com,2
794,224,Al- Cuduz Adenrele,alcuduzadenrele,alcuduzadenrele@gmail.com,10
804,228,kester ogungbemi,ogunskester,ogunskester@gmail.com,3
807,229,Oluchi Onyekpa,Oluchii,ucheamara94@gmail.com,1
808,232,Zenny Lilian,zennylilian,zennylilian@gmail.com,3
811,233,Oluwabamise Ojo,oluwabamise77,oluwabamise77@gmail.com,10
821,234,Caleb Omoijuanfo,c.omoijuanfo,c.omoijuanfo@gmail.com,1
822,238,Christian Eyube Oghenefega,eyubechristian,eyubechristian@gmail.com,4
826,240,Ruke Ejegreh,ruke.ejegreh20,ruke.ejegreh20@gmail.com,1
827,241,Patience Akpan,akpanpatiencefriday,akpanpatiencefriday@gmail.com,4
831,244,aminat situ,aminatsitu95,aminatsitu95@gmail.com,7
838,247,Uchenna Edeoga,uchejohnedeoga,uchejohnedeoga@gmail.com,2
840,248,Arigbede Abiodun,arigbedeabiodun,arigbedeabiodun@gmail.com,2
842,250,Austin Ilozumba,austinreal22,austinreal22@gmail.com,6
848,251,Bright Ogheneochuko,tweetbright1,tweetbright1@gmail.com,18
866,252,Ikenna Ugwuegbulam,uikenna97,uikenna97@gmail.com,1
867,255,adeniyi azeez,shodiyaade,shodiyaade@gmail.com,1
868,257,abasiama akai,akaiabasiama2019,akaiabasiama2019@gmail.com,5
873,258,Sooter Saalu,sootersaalu,sootersaalu@gmail.com,6
879,259,Yusuf Omotoso,omotosoyuusuf,omotosoyuusuf@gmail.com,7
886,260,SULAIMON ADELAKUN,adelakunsulaimon21,adelakunsulaimon21@gmail.com,1
887,261,yomi Awoyemi,snoopyomex,snoopyomex@gmail.com,4
891,263,chizoba chukwuoma,chizobachukwuoma,chizobachukwuoma@gmail.com,4
895,266,olajide ismail,ismailolajide1992,ismailolajide1992@gmail.com,16
911,267,Ufonabasi Umo,ufonumo,ufonumo@gmail.com,11
922,270,Talabi oluwatoyin,ttoyin2020,ttoyin2020@gmail.com,7
929,271,adesola hameedah,adesolahameedah,adesolahameedah@gmail.com,3
932,272,Mauyon Ayeni,mauyonayeni,lilshadowalker@gmail.com,2
934,275,Kenny Oyinkansola,kennyoyinkansola,kennyoyinkansola@gmail.com,2
936,276,Olanrewaju Malumi,lanre.malumi,lanre.malumi@gmail.com,12
948,280,UDENKWOR NKECHI,udenkwornkechi,udenkwornkechi@gmail.com,6
954,281,Kponke Ekanem,kponkeekanem,kponkeekanem@gmail.com,10
964,282,Precious Luke,lukeprecious,lukeprecious@gmail.com,1
965,284,Chidubem Ezenwa,chidubemezenwa1,chidubemezenwa1@gmail.com,1
966,285,Henry Nnaji,Woodywiz,henrynnajichukwu@gmail.com,3
969,286,Michael Anderson,Michael Anderson,appsorwebs@gmail.com,7
976,287,Qudus Ahmod,olaiwolaahmod,olaiwolaahmod@gmail.com,7
983,288,Jeffrey Asamoah-Ojugbana,asamoahojugbanajeffrey,asamoahojugbanajeffrey@gmail.com,6
989,290,ignatius juniour,talktoignilitt,talktoignilitt@gmail.com,2
991,291,omolade omololu,omoladeomololu,omoladeomololu@gmail.com,4
995,294,tobi dayisi,tobiy23,tobiy23@gmail.com,2
997,295,Chinomso Uzoma,smilinomso,smilinomso@gmail.com,4
1001,299,Oluwatimilehin Idowu,oluwatimilehin.id,oluwatimilehin.id@gmail.com,5
1006,301,Nafisa A.,anafisad,damienandbadra@gmail.com,5
1011,302,Ezekiel adewole Adejobi,adejobiezekieladewole2017,adejobiezekieladewole2017@gmail.com,3
1014,305,Sodiq Zubair,sodiq68,ayobamisodiq68@gmail.com,5
1019,306,Osmond Ikemesit,osmondikemesit85,osmondikemesit85@gmail.com,21
1040,308,Adenike Awofeso,adenikeawofeso,adenikeawofeso@gmail.com,7
1047,309,adepeju kayode,adepeju.kayode,adepeju.kayode@gmail.com,8
1055,310,Sunday Agene,sundayojimagene,sundayojimagene@gmail.com,1
1056,311,andreu fraiku,fraikuandreu77,fraikuandreu77@gmail.com,3
1059,312,Gradia Mutambay,gradimutdev,gradimutdev@gmail.com,9
1068,314,Mirian Januarius,mimijanny4u48,mimijanny4u48@gmail.com,6
1074,315,ikechukwu onu,ikechukwuonu1,ikechukwuonu1@gmail.com,2
1076,316,Bisola Morohunfolu,bisola.morohunfolu,bisola.morohunfolu@gmail.com,8
1084,319,femi jaiye,phemyjay,phemyjay@gmail.com,3
1087,320,kacy ijezie,kacyijezie,kacyijezie@gmail.com,1
1088,321,Jeffrey Akhidenor,denorjeff,denorjeff@gmail.com,2
1090,322,John Henry,john04star,john04star@gmail.com,5
1095,325,Uzo James,ujames41,ujames41@gmail.com,5
1100,327,Okafor Esther,estherokafor05,estherokafor05@gmail.com,5
1105,329,temitope akangbe,topejoan2,topejoan2@gmail.com,7
1112,330,Erharhire Daisy,daisystanna,daisystanna@gmail.com,12
1124,331,Steam -IT,kareemtaiwor,kareemtaiwor@gmail.com,1
1125,333,Emmanuel Oreoluwa,awuloero13,awuloero13@gmail.com,1
1126,334,akpos odije,akposodije,akposodije@gmail.com,9
1135,335,Ojimadu Justus,believesage,believesage@gmail.com,3
1138,336,Michael Akinsuroju,makinsuroju,makinsuroju@gmail.com,1
1139,337,Emediong Okon,emray33,emray33@gmail.com,9
1148,339,Dickson Idoko,dickson24idoko,dickson24idoko@gmail.com,2
1150,340,John Afam,drjohnafam,drjohnafam@gmail.com,1
1151,342,Imo Udo,udohimo,udohimo@gmail.com,5
1156,343,Ismail Musa Kallah,kallahmusa,kallahmusa@gmail.com,3
1159,344,Ikenna Oyiih,iyke.oyiih,iyke.oyiih@gmail.com,18
1177,347,Abraham Harold,abrahamharold22,abrahamharold22@gmail.com,5
1182,348,Khairat Ayinde,ayindekhairat,ayindekhairat@gmail.com,1
1183,350,Duke Sanmi,dukesanmi,dukesanmi@gmail.com,3
1186,351,Abdulganiyu Abubakar,abdulganiyua,abdulganiyua@gmail.com,2
1188,352,Oyelaja Hussein,oyelajakenny,oyelajakenny@gmail.com,22
1210,353,mbetobong obot umoh,charlesome56,charlesome56@gmail.com,16
1226,354,UTIBE ETIM,etim.utibe,etim.utibe@gmail.com,11
1237,355,ademolu odujoko,ademolufunmi,ademolufunmi@gmail.com,1
1238,356,Stephen Robinson,himjnai,himjnai@gmail.com,6
1244,357,Oladimeji Olarinde,ovoladimeji,ovoladimeji@gmail.com,2
1246,359,LAWRENCE EHIMHEN,lawrenceehimhen,lawrenceehimhen@gmail.com,9
1255,360,maimuna yusuf umar,maimunaruk,maimunaruk@gmail.com,3
1258,361,MBANUDE VICTOR,mbanudevictor,mbanudevictor@gmail.com,5
1263,362,Hafizah Muhyideen,hafeexahabdul,hafeexahabdul@gmail.com,4
1267,363,Owaji-inyagham Ogbuluijah,iromata92,iromata92@gmail.com,1
1268,364,Nnamdi Ibeanu,ibeanunnamdi94,ibeanunnamdi94@gmail.com,6
1274,368,Abubakar omolaja,omolaja.abubakar05,omolaja.abubakar05@gmail.com,2
1276,370,Osas Jackson,jacksas540,jacksas540@gmail.com,2
1278,371,Isaiah Udofia,udofiaisaiah001,udofiaisaiah001@gmail.com,9
1287,373,Temitope Adeyemi,topeadeyemi367,topeadeyemi367@gmail.com,4
1291,374,Lola Adedara,lolaadedara,lolaadedara@gmail.com,1
1292,375,Iro-njoku BoB,boblewinski090,boblewinski090@gmail.com,3
1295,377,Wilfred Omuvwie,dawillzy,dawillzy@gmail.com,2
1297,379,Nkeiruka Enendu,nkeenendu,nkeenendu@gmail.com,2
1299,382,Abdussalam Iysa,abdussalamiysa,abdussalamiysa@gmail.com,14
1313,383,Ibrahim Oladele,ibrolad89,ibrolad89@gmail.com,2
1315,384,Ezekiel Lawson,lawsonezekiel68,lawsonezekiel68@gmail.com,4
1319,386,mogbonjubola Ayorinde,mogbonjubolaayorinde,mogbonjubolaayorinde@gmail.com,13
1332,388,Johnkennedy Jatto,kaydeyjkj,kaydeyjkj@gmail.com,14
1346,389,Richard Isaac,isaacirichard,isaacirichard@gmail.com,1
1347,390,Adedayo Adeniyi,adedayomcinday,adedayomcinday@gmail.com,16
1363,391,"Iwuji, Bethel Chinemere",bethelchinemere,bethelchinemere@gmail.com,1
1364,393,Habeeb Ajala,mobolajijazzy,mobolajijazzy@gmail.com,1
1365,395,Adewunmi Idowu,adewunmiidowu17,adewunmiidowu17@gmail.com,5
1370,396,Ilesanmi Ezekiel,ezekiesanmi,ezekiesanmi@gmail.com,1
1371,400,Calvin Ebun-Amu,calvinebunamu,calvinebunamu@gmail.com,7
1378,405,Okon Emmanuel,eokon87,eokon87@gmail.com,8
1386,407,Etinosa Ekhator,eekhator25,eekhator25@gmail.com,9
1395,410,dom Ak,drmusic2021,drmusic2021@gmail.com,7
1402,411,Adenike Salau,kifademi,kifademi@gmail.com,6
1408,412,Eseimokumo TITILAYO,t.eseimokumo,t.eseimokumo@gmail.com,12
1420,413,Chiamaka Adilieme,coolestjoan,coolestjoan@gmail.com,22
1442,417,martins kachi,martmatt24,martmatt24@gmail.com,13
1455,421,david adekwu,adekwudavid,adekwudavid@gmail.com,1
1456,423,benson adedayo,bensonadedayo123,bensonadedayo123@gmail.com,5
1461,424,Mololuwa Akintunde,mololuwaakintunde,mololuwaakintunde@gmail.com,6
1467,426,AnjolaOluwa Badaru,olaa,anjibee.badaru@gmail.com,4
1471,428,damilola ogunbiyi,ogunbiyidamilola,ogunbiyidamilola@gmail.com,13
1484,430,Sinmiloluwa S.,sinmiloluwasobogun,sinmiloluwasobogun@gmail.com,2
1486,431,Chibundu Kelechi,callkaycee4real,callkaycee4real@gmail.com,3
1489,432,Gideon Ofoegbu,ofoegbuemeka,ofoegbuemeka@gmail.com,1
1490,434,Tega Pius Alenkhe,piusalenkhe,piusalenkhe@gmail.com,8
1498,438,Stephen Ilori,stephenilori,stephenilori@gmail.com,1
1499,439,Angela Egerega,anegerega,anegerega@gmail.com,30
1529,442,Mahmud Adekunle,mahmudabumahmud,mahmudabumahmud@gmail.com,5
1534,443,Adaise Udeme,adaiseudeme,adaiseudeme@gmail.com,5
1539,445,Onyenma Victor,onyenmavictor4real,onyenmavictor4real@gmail.com,1
1540,447,Barbara Mangiri,barbaramangiri,barbaramangiri@gmail.com,1
1541,448,Adebayo Shola,solarjay2006,solarjay2006@gmail.com,1
1542,449,Opabode jide,jideopabode,jideopabode@gmail.com,5
1547,453,Folashade Fanimokun,faniimokunn,faniimokunn@gmail.com,10
1557,454,Olupeju Oluwaseyi,olupejuoluseyi,olupejuoluseyi@gmail.com,5
1562,455,Ayanfeoluwa Ibitoye,ibitoyeayanfeoluwa,ibitoyeayanfeoluwa@gmail.com,5
1567,456,Gospel Mark,gospelamark,gospelamark@gmail.com,2
1569,457,Sado Idris Erick,sirdris,sirdris@gmail.com,1
1570,458,mercy onyilo,iyenugwa18,iyenugwa18@gmail.com,2
1572,462,Sahvannah Amaka,sfekarurhobo,sfekarurhobo@gmail.com,3
1575,463,daniel omale,talk2danny71,talk2danny71@gmail.com,3
1578,466,Aidee U,idyekpoh,idyekpoh@gmail.com,2
1580,467,Francis Okeke,franco.okeke,franco.okeke@gmail.com,3
1583,468,Peace Onyekachi,newchassis.pa,newchassis.pa@gmail.com,27
1610,469,Abdul Muktadir Yakubu,devabdulm,devabdulm@gmail.com,1
1611,471,ifoga john,eshy008,eshy008@gmail.com,6
1617,472,Charles Nwahiwe,charles.nwahiwe,charles.nwahiwe@gmail.com,20
1637,473,Michelle Dim,michlldim58,michlldim58@gmail.com,6
1643,475,Abdulsalam Shuaib,abdulsalams577,abdulsalams577@gmail.com,16
1659,476,Debrah Eric,ericdebrah123,ericdebrah123@gmail.com,1
1660,481,Marylyn Idomo,marylynidomo,marylynidomo@gmail.com,22
1682,484,Chidiebube Onah,onahchidiebube,onahchidiebube@gmail.com,1
1683,486,Peter Marshall James,neorton,neorton@gmail.com,3
1686,487,Kay Chuka,diedrejnr,diedrejnr@gmail.com,7
1693,488,Gbemisola Oluwatoyin,owolabigbemisola2406,owolabigbemisola2406@gmail.com,1
1694,489,Joseph Etim,pepjoe,josephaetim@gmail.com,4
1698,491,Emmanuel Agharaye,agharayee,agharayee@gmail.com,3
1701,492,Ibrahim Mohammed,ibrahimdamy7,ibrahimdamy7@gmail.com,3
1704,493,Abdulmalik Zuwailani,wailateeh,wailateeh@gmail.com,1
1705,495,Grace Ogbo,grace.eye73,grace.eye73@gmail.com,3
1708,496,Alimi Ismail,usubest2012,usubest2012@gmail.com,1
1709,497,Gabriel Uzowulu,gabrieluzowulu,gabrieluzowulu@gmail.com,3
1712,502,Olu Ajayi,oluajayi4,oluajayi4@gmail.com,1
1713,503,Taiwo Ibukunoluwa,ibukuntaiwoa,ibukuntaiwoa@gmail.com,8
1721,504,Sam Einstein,esambooks,esambooks@gmail.com,1
1722,508,Beracah Etok,beracahetok,beracahetok@gmail.com,8
1730,509,Kingsley Umujeyan,kingsleyumujeyan,kingsleyumujeyan@gmail.com,38
1768,510,Akinwande Gbenga,vincycode7,vincycode7@gmail.com,1
1769,511,Adegbuyi Bamgbose,gb26583,gb26583@gmail.com,1
1770,514,luck zinx,zinxinc1,zinxinc1@gmail.com,20
1790,515,Kenechukwu Anolue,netochukwu.anolue,netochukwu.anolue@gmail.com,2
1792,519,joseph agunwamba,josephagunwamba,josephagunwamba@gmail.com,3
1795,520,Oshifeko Opeoluwa,oshifekoopeoluwa,oshifekoopeoluwa@gmail.com,6
1801,521,Esther Akpan,estyomo,estyomo@gmail.com,1
1802,523,Incolet,tunjiincolet,tunjiincolet@gmail.com,4
1806,524,Mohammed Ibrahim,hydrogen508,hydrogen508@gmail.com,1
1807,528,Ephraim Aniekan,aniekanephraim,aniekanephraim@gmail.com,3
1810,529,CHISOM Loius,chisanloius,chisanloius@gmail.com,1
1811,530,Anowai James,anowai.py,anowaijames@gmail.com,5
1816,532,Ibrahim Kadiri,ibrahimolakadir,ibrahimolakadir@gmail.com,3
1819,533,Ruth Igbinoba,rigbinoba99,rigbinoba99@gmail.com,1
1820,534,Ayobami Oguntolu,ayobamiolugboyega,ayobamiolugboyega@gmail.com,1
1821,539,TUNGBULU PAUL,tungbulupaul,tungbulupaul@gmail.com,2
1823,542,Odwyer Charles,charlynoni79,charlynoni79@gmail.com,2
1825,543,aderinola ruqayaah,aderinolaruqayaah,aderinolaruqayaah@gmail.com,1
1826,544,Sadiq Faruq,muhdfaruuq,muhdfaruuq@gmail.com,1
1827,545,Odii Victor Chetachukwu,ChetzV,odichetachukwu@gmail.com,11
1838,546,Abdulrahman Mohammed,abdmuhammad610,abdmuhammad610@gmail.com,8
1846,547,Azu Umeh,azu.umeh,azu.umeh@gmail.com,2
1848,548,Essien Daniel,danjerry71,danjerry71@gmail.com,2
1850,549,Asikpata Michael,sikpadee,sikpadee@gmail.com,4
1854,550,mamus eferha,eferhamamus,eferhamamus@gmail.com,6
1860,552,Daniel Mere Ugochukwu,mereugochukwudaniel,mereugochukwudaniel@gmail.com,2
1862,554,Emmanuel Ekeoma,Klecci,durabuildr@gmail.com,12
1874,557,ayoola fadirepo,ayoolafadirepo,ayoolafadirepo@gmail.com,1
1875,558,Amaka Mbah,saucekoder,saucekoder@gmail.com,1
1876,559,iyimide adegunloye,iyimide.adegunloye,iyimide.adegunloye@gmail.com,3
1879,560,Akomolafe Ayoyinka,akomolafeayoyinka,akomolafeayoyinka@gmail.com,1
1880,561,emmanuel okoh,ogbole12,ogbole12@gmail.com,4
1884,563,Aransiola Ayodele,leomdevs,leomdevs@gmail.com,1
1885,566,linda uloko,lindauloko,lindauloko@gmail.com,2
1887,568,Emmanuel Ezeako,emmanuelezeako29,emmanuelezeako29@gmail.com,26
1913,570,Elijah Ayandokun,eligenius,eligenius@gmail.com,1
1914,571,Abba Adamu,abbaadamufan,abbaadamufan@gmail.com,3
1917,573,francis abonyi,francisabonyi,francisabonyi@gmail.com,1
1918,577,Marshal David,mashdon77,mashdon77@gmail.com,10
1928,578,Badmos Olamiji,badmosolamiji,badmosolamiji@gmail.com,6
1934,583,Samuel Asiyanbi,samayomipo,samayomipo@gmail.com,2
1936,584,Ayomide Alaka-Yusuf,muizzyomide,muizzyomide@gmail.com,1
1937,585,horace willie,horacewillie7,horacewillie7@gmail.com,8
1945,586,David Benjamin Olusiyi,devisiyi,devisiyi@gmail.com,7
1952,587,eromosele mathew,eronsmathew,eronsmathew@gmail.com,4
1956,588,Precious Bassey,precijagz480,precijagz480@gmail.com,1
1957,589,favour gabriel,favvyghabs,favvyghabs@gmail.com,8
1965,591,Sarah Embee,sarahembee71,sarahembee71@gmail.com,11
1976,597,funmi shunah,fshunah508,fshunah508@gmail.com,1
1977,599,Akindeko Michael,michaelcreates.ng,michaelcreates.ng@gmail.com,5
1982,600,Nnengi Oshinaike,nnengioshinaike,nnengioshinaike@gmail.com,1
1983,601,Jomar Energy,jomarenergyltd,jomarenergyltd@gmail.com,4
1987,602,isong josiah,isongjosiah,isongjosiah@gmail.com,4
1991,605,chukwuemeka anyanwu,eme42c,eme42c@gmail.com,1
1992,607,stephen mahanan mangai,greenwizintern,greenwizintern@gmail.com,1
1993,610,Dolapo Adelana,adelanadolapo,adelanadolapo@gmail.com,2
1995,615,Ibrahim Gana,ibrahimygana,ibrahimygana@gmail.com,21
2016,619,Priscilla Achizue,baeewele27,baeewele27@gmail.com,16
2032,620,Olasumbo Afolabi,olasumboeniola1,olasumboeniola1@gmail.com,8
2040,622,Igboanugwo Collins,Niscolinx,munisco12@gmail.com,4
2044,623,Bamgbade Ayooluwa,debamzz1,debamzz1@gmail.com,1
2045,625,Enyinnaya Ofoegbu,enyinnayaofoegbu,enyinnayaofoegbu@gmail.com,2
2047,626,Oluwaseun Ogunz,sunnyogunz,sunnyogunz@gmail.com,1
2048,628,Roseline Ngam,roselinengam8,roselinengam8@gmail.com,1
2049,630,Yakubu Lawal,yakubuslawal,yakubuslawal@gmail.com,4
2053,631,Yusuf Adeyemo,marshaladex07,marshaladex07@gmail.com,16
2069,632,Michael Gambo,michaelbulusgambo,michaelbulusgambo@gmail.com,3
2072,633,Valentine Chukwuma,nemechuks,nemechuks@gmail.com,1
2073,634,Mogbitse Okitikpi,mogbitseo,mogbitseo@gmail.com,6
2079,635,Olubayo Akanji,olubayoefik2013,olubayoefik2013@gmail.com,6
2085,637,Edwin Okhai,edwinokhai,edwinokhai@gmail.com,10
2095,640,Bola Dunmade,bolanledunmade,bolanledunmade@gmail.com,7
2102,641,Nnaemeka Agwu,emekaminaz,emekaminaz@gmail.com,20
2122,642,Deborah Ajayi,speak2debby,speak2debby@gmail.com,4
2126,643,Sijibomi Bello,bellyomi,bellyomi@gmail.com,9
2135,644,Omobolaji Abubakre,omobolajinubi,omobolajinubi@gmail.com,4
2139,647,Veronica Emiola,vtomilola,vtomilola@gmail.com,1
2140,649,Habiba Zibiri,biizibiri,biizibiri@gmail.com,1
2141,650,Michael chinweike,infinitymichael7,infinitymichael7@gmail.com,5
2146,651,Achu Obi,achudebest,achudebest@gmail.com,19
2165,652,Olaoluwa Soladoye,devsolaoluwa,devsolaoluwa@gmail.com,3
2168,653,Eniola Olowoyo,olowoyoeniola,olowoyoeniola@gmail.com,7
2175,654,Samuel Solomon,samuel.solomon30,samuel.solomon30@gmail.com,1
2176,655,Collins Ikwueze,collinsikwueze,collinsikwueze@gmail.com,1
2177,656,Fareedah Ishaq,fareedah779,fareedah779@gmail.com,2
2179,657,Bibi Aremieye,bibiaremieye1,bibiaremieye1@gmail.com,12
2191,659,Uchenna Loveday,uchennaloveday,uchennaloveday@gmail.com,4
2195,660,UYO-OBONG OKON,voicesport247,voicesport247@gmail.com,4
2199,663,Aisha Abdulazeez,ashonsy,ashonsy@gmail.com,1
2200,665,Ojiteli Kenechukwu,ojitelikenechukwu,ojitelikenechukwu@gmail.com,3
2203,666,Tolulope Ogunfuwa,etolope94,etolope94@gmail.com,3
2206,667,Precious Uwasi,uwasiprecious,uwasiprecious@gmail.com,1
2207,668,David,mulla,usorodavid1@gmail.com,6
2213,669,Nkem O,nicole4evareal,nicole4evareal@gmail.com,3
2216,670,Onose Oko-Ose,onoseokoose,onoseokoose@gmail.com,5
2221,673,Jonathan Owah,owahjonathan,owahjonathan@gmail.com,13
2234,674,Chibueze Arinze,chibuezearinze16,chibuezearinze16@gmail.com,7
2241,676,ufuoma udele,ufuomaudele1,ufuomaudele1@gmail.com,4
2245,679,Ifeoluwa Olaiya,ifeoluwa1201,ifeoluwa1201@gmail.com,7
2252,681,Titi Savage,savaj08,savaj08@gmail.com,4
2256,684,tunde atoyebi,atoyebitunde7,atoyebitunde7@gmail.com,3
2259,685,DAUDA ABDULLATEEF,abdullateefdauda01,abdullateefdauda01@gmail.com,12
2271,687,Omotola Abiola,mtlabiola,mtlabiola@gmail.com,11
2282,690,Oyero Oluwatosin,oyerooluwatosin,oyerooluwatosin@gmail.com,4
2286,691,Tiberius Mairura,Hermit,tiberiusmairura90@gmail.com,12
2298,695,olaiya adeolu,olaiya.adeolu,olaiya.adeolu@gmail.com,5
2303,696,muhammed adegbola,muhammedopeyemi5,muhammedopeyemi5@gmail.com,1
2304,699,Teslim Mohammed,mohammedteslim,mohammedteslim@gmail.com,4
2308,700,Ayodeji Sokan,ayodejisokan,ayodejisokan@gmail.com,3
2311,701,Monsuru Anifowose,monsuru.anifowose101,monsuru.anifowose101@gmail.com,4
2315,702,Samuel Ehis,ehisedeghoghonsamuel,ehisedeghoghonsamuel@gmail.com,5
2320,704,Oluwaseun Dabiri,dadsclement,dadsclement@gmail.com,4
2324,706,Yusuff Jamal,yusuffjamal3,yusuffjamal3@gmail.com,13
2337,708,Richard Saseun,richardsaseun,richardsaseun@gmail.com,5
2342,711,Amadi Onengiye Williams,onengiyeamadi,onengiyeamadi@gmail.com,83
2425,713,Awotola Peter,peterawotola,peterawotola@gmail.com,1
2426,715,idongesit ansa,caitybrian808,caitybrian808@gmail.com,2
2428,717,Adekoyejo Adeola,adekoyejoadeola,adekoyejoadeola@gmail.com,6
2434,718,Hermann Poka Tchoneng,pokatchoneng,pokatchoneng@gmail.com,3
2437,719,Leo X,leoyanzy,leoyanzy@gmail.com,1
2438,720,UwakmfonAbasi Ette,etteuwakmfonabasi,etteuwakmfonabasi@gmail.com,7
2445,722,Ogunlaja Oreoluwa,ogunlajaoreoluwa,ogunlajaoreoluwa@gmail.com,12
2457,724,Agwu oguche,Jeff,winjeff6@gmail.com,1
2458,726,Oshunbote Olaniyi,oshunboteo,oshunboteo@gmail.com,6
2464,727,Nma O,cramwordplay,cramwordplay@gmail.com,6
2470,728,babatunde owoleke,tundeowoleke1,tundeowoleke1@gmail.com,1
2471,729,Joyce Amusu,amusuibukun,amusuibukun@gmail.com,1
2472,730,thankgod nzenwa,tnzenwa,tnzenwa@gmail.com,3
2475,732,Divria Technologies,divriatech,divriatech@gmail.com,1
2476,737,Johnson Oloyede,iluvmili3007,iluvmili3007@gmail.com,7
2483,738,Oyebode Faith,oyebodefaith3,oyebodefaith3@gmail.com,4
2487,740,Emaido Essien,softessien,softessien@gmail.com,1
2488,741,Akinola Lawal,akinolalawal,akinolalawal@gmail.com,1
2489,745,Olatunji Rokeeb,larexx40,Larexx40@gmail.com,1
2490,746,Bisola Adediran,adediranbisola,adediranbisola@gmail.com,7
2497,747,ADEALA Victor,vikkibabs,vikkibabs@gmail.com,8
2505,748,Oluwayanmife Akeju,yanmifeakeju,yanmifeakeju@gmail.com,4
2509,752,Olaniyi Timothy,timolsoft,timolsoft@gmail.com,9
2518,753,elijah obominuru,elijjaaahhhh,elijjaaahhhh@gmail.com,14
2532,754,Abdulhafiz Ahmed,abdulhafizahmed01,abdulhafizahmed01@gmail.com,6
2538,755,Mr. Adetayo S,jstloyalty,jstloyalty@gmail.com,11
2549,756,Dennis O,dennis.okoede,dennis.okoede@gmail.com,9
2558,759,Olajire Oladunni,olajire.oladunni,olajire.oladunni@gmail.com,3
2561,760,JOLAIYA EMMANUEL,jolaiyaemmanuel,jolaiyaemmanuel@gmail.com,4
2565,762,Ndifreke Edem,ndifrekedem1,ndifrekedem1@gmail.com,3
2568,763,Ofonime Eset,ofoneset,ofoneset@gmail.com,1
2569,764,Ogbonna Patrick,ogbonnapatrickebuka,ogbonnapatrickebuka@gmail.com,6
2575,765,Oyelami Temidayo,oyelamitemidayo99,oyelamitemidayo99@gmail.com,3
2578,767,Echa Emmanuel,atamemmanuel,atamemmanuel@gmail.com,7
2585,768,Ogbeide Nelson,ogbeide331,ogbeide331@gmail.com,3
2588,775,temitope odeniran,odenirantemitope,odenirantemitope@gmail.com,12
2600,779,adekunle okunola,okunolaadekunle28,okunolaadekunle28@gmail.com,4
2604,781,Oguntola Adelowo,oguntolaadelowo,oguntolaadelowo@gmail.com,4
2608,782,Uchechi Moses,uchechimoses,uchechimoses@gmail.com,1
2609,783,Michael O,michaelolatunle,michaelolatunle@gmail.com,15
2624,785,Akeem Shittu,writeshittu,writeshittu@gmail.com,4
2628,788,kolawole ezekiel,doneazy911,doneazy911@gmail.com,1
2629,790,Peculiar Umeh,peculiarumeh02,peculiarumeh02@gmail.com,1
2630,791,AbdulWahab K. Fasasi,fawklee7,fawklee7@gmail.com,3
2633,792,Dosunmu Ibrahim,dosunmuibrahim70,dosunmuibrahim70@gmail.com,1
2634,794,Ebube Nwachukwu,nwachukwuebube2012,nwachukwuebube2012@gmail.com,4
2638,800,Solomon Akanni,soulazeact,soulazeact@gmail.com,1
2639,801,alpha chuks,specimenx6069,specimenx6069@googlemail.com,10
2649,802,Kindness sunday,tylersunday234,tylersunday234@gmail.com,8
2657,806,Chime peace chidimma,chimepeacechidimma,chimepeacechidimma@gmail.com,3
2660,810,Stan H,humoring02,humoring02@gmail.com,1
2661,811,Oke Oluwasegun,segunsunday01,segunsunday01@gmail.com,1
2662,812,DIRBOL CONSULT,dirbolconsult,dirbolconsult@gmail.com,5
2667,814,olaonipekun olaitan,olaonipekunolaitan,olaonipekunolaitan@gmail.com,12
2679,815,Ebere Uzodufa,ebereuzodufa,ebereuzodufa@gmail.com,12
2691,816,Vimbai Ruzvidzo,vimbysbuzz,vimbysbuzz@gmail.com,1
2692,817,imaobong esien,imaesien1,imaesien1@gmail.com,5
2697,818,AKOH JOSIAH OMALE,akohjosiahomale,akohjosiahomale@gmail.com,6
2703,820,Yemisi Oyedepo,oyedepo40,oyedepo40@gmail.com,10
2713,821,Ruth Kolo,ruth.jummai,ruth.jummai@gmail.com,7
2720,822,Mubarak Aderogba,mubi417,mubi417@gmail.com,9
2729,824,nkwocha chibueze,chibuezenkwocha,chibuezenkwocha@gmail.com,6
2735,825,Amao Samuel Abayomi,yhomzsamuel,yhomzsamuel@gmail.com,7
2742,827,Gideon Markus,gideonmarkus,gideonmarkus@gmail.com,6
2748,830,Love Otudor,loveotudor,loveotudor@gmail.com,1
2749,833,Linda Adamu,adamulinda,adamulinda@gmail.com,2
2751,834,CHUKWUEMEKA IBEBUGWU,emex4gman,emex4gman@gmail.com,5
2756,835,Adedayo Adesanya,dayosanya,dayosanya@gmail.com,3
2759,843,adesanmi adedayo,adesanmiadedayo98,adesanmiadedayo98@gmail.com,1
2760,847,Faith Egwuenu,faithegwuenu16,faithegwuenu16@gmail.com,13
2773,849,Arinde John,arindejohn6,arindejohn6@gmail.com,1
2774,850,M,ak.mhel.amh.amh,ak.mhel.amh.amh@gmail.com,32
2806,856,Onuegbu Valentine,uzobest25,uzobest25@gmail.com,13
2819,858,chikezie joshua,eminence312,eminence312@gmail.com,7
2826,860,Adedokun Kehinde,kenney9224,kenney9224@gmail.com,2
2828,861,Odofin Gbadamosi,odofing,odofing@gmail.com,5
2833,862,OduduAbasi Umoeka,bullion.relson,bullion.relson@googlemail.com,5
2838,863,Oluwaniyi Tioluloye,tioluloye,tioluloye@gmail.com,3
2841,864,Olasupo Toluwalope,infiniteazy,infiniteazy@gmail.com,1
2842,865,olasinde oluwatobi,tobilasinde2014,tobilasinde2014@gmail.com,1
2843,866,Ola Afolabi,olafolabi96,olafolabi96@gmail.com,1
2844,867,CHIKA Ogbu,ogbuchika71,ogbuchika71@gmail.com,12
2856,869,Haryor Victor,vanharyor,vanharyor@gmail.com,20
2876,873,David Archibong,braveukay1,braveukay1@gmail.com,2
2878,879,Becky Olanrewaju,atulewins,atulewins@gmail.com,3
2881,881,Michael Oyeledun,oyeledunmichael789,oyeledunmichael789@gmail.com,1
2882,884,Olaoluwa Nifemi,nifemiolaoluwa1,nifemiolaoluwa1@gmail.com,4
2886,886,Olanrewaju Olawumi,olanrewajuolufemi,olanrewajuolufemi@gmail.com,6
2892,887,Dada Adedamola,damomulti,damomulti@gmail.com,5
2897,888,Ojodale Udale-Ameh,ojodale.udaleameh,ojodale.udaleameh@gmail.com,4
2901,890,Treasure Anaye,laratreazure,laratreazure@gmail.com,15
2916,891,Joshua Akinsola,jaadreal911,joshua.akinsola@yahoo.com,8
2924,892,Chiamaka Honor Osuji,honorwrites,honorwrites@gmail.com,26
2950,893,Janet John,janetsomehow,janetsomehow@gmail.com,3
2953,894,Abiola Mutair,smokyn.mutair,smokyn.mutair@gmail.com,9
2962,895,damilola onasanya,onasanya.clajournalist,onasanya.clajournalist@gmail.com,4
2966,897,Joseph Ajao,ajaojoseph45,ajaojoseph45@gmail.com,3
2969,898,Adewumi Sanni,adewumisanni,adewumisanni@gmail.com,3
2972,899,Jubril Esan,jubrilesan,jubrilesan@gmail.com,15
2987,900,Theresa Ogaosun,ogaosuntheresa,ogaosuntheresa@gmail.com,4
2991,901,Great Oyita,greatoyita,greatoyita@googlemail.com,4
2995,902,Uchenna Okafor,solo737373,solo737373@gmail.com,5
3000,903,orowa kayode,kaydon01,orowakayode@gmail.com,2
3002,904,Gloria Chinedu,glocutey111,glocutey111@gmail.com,6
3008,906,Adesua Donatus,adesuadonatus45,adesuadonatus45@gmail.com,1
3009,909,Godwin Ikott,geedeewain,geedeewain@gmail.com,7
3016,910,Ntekim Jotham,Jotham,jothamweb@gmail.com,2
3018,911,Adekunle Damilare,daremiarchs,daremiarchs@gmail.com,2
3020,914,dotun Okeke,dotunokeke,dotunokeke@gmail.com,6
3026,916,Olatunde T Mojisola,olatunde.moj,olatunde.moj@gmail.com,9
3035,918,mike bellami,mikebellami7,mikebellami7@gmail.com,1
3036,921,priscilla,matthewpriscilla1,matthewpriscilla1@gmail.com,2
3038,922,Njoku Sunny Ojo,sunny.ojo.14,sunny.ojo.14@gmail.com,8
3046,925,Muyideen Dosumu,muyideendosumu,muyideendosumu@gmail.com,1
3047,926,Chukwuwa Uchenna,chukwuwauchenna,chukwuwauchenna@gmail.com,4
3051,933,Ebuka Charles,arumacc,arumacc@gmail.com,13
3064,935,Uchechukwu Kenneth Okoronkwo,uokoronkwo,uokoronkwo@gmail.com,3
3067,936,Alaketu Olamilekan,alaketuolamilekan02,alaketuolamilekan02@gmail.com,5
3072,937,Confy Ezeocha,confiezara21,confiezara21@gmail.com,2
3074,939,Nnamani Ezinne Martina,nnamani.ezinne,nnamani.ezinne@gmail.com,1
3075,940,Stanley Ataki,atakistanley,atakistanley@gmail.com,2
3077,942,Eno Ekanem,enoekanem.vibe,enoekanem.vibe@gmail.com,6
3083,943,Adedeji Samuel,samdoannex,samdoannex@gmail.com,1
3084,945,Imegwu Adaeze,ladybossonlinestore,ladybossonlinestore@gmail.com,1
3085,946,tochukwu lemuel,dunte007,dunte007@gmail.com,21
3106,947,kolade afeez,daisedalok,daisedalok@gmail.com,1
3107,952,Chimezie Solomon,chimezie.solomon.cs,chimezie.solomon.cs@gmail.com,3
3110,956,Rasheed Seun Omotayo,seuntayor,seuntayor@gmail.com,6
3116,957,Adetayo Anuoluwapo,yeyeadetayo,yeyeadetayo@gmail.com,12
3128,960,Dolapo M.,dlapsie,dlapsie@gmail.com,15
3143,961,Promise Oparaugo,soulxbrain,soulxbrain@gmail.com,1
3144,962,billy olusanya,billyolusanya,billyolusanya@gmail.com,2
3146,964,Uchechukwu Okeke,ucheokeke16,ucheokeke16@gmail.com,21
3167,967,phoebe joel,joelphoebe1,joelphoebe1@gmail.com,1
3168,969,Ibrahim Umar,ibrahim.umar38,ibrahim.umar38@gmail.com,1
3169,970,daniel anyinu,anyinu.d,anyinu.d@gmail.com,6
3175,972,Okonta ngozi kikachukwu,iamkikachukwu,iamkikachukwu@gmail.com,12
3187,973,Emmanuel adesola,emmanueladesola47,emmanueladesola47@gmail.com,6
3193,974,obillion acad,obillionacad,obillionacad@gmail.com,1
3194,976,Wade Oghenejabor,oghenejaborwade,oghenejaborwade@gmail.com,2
3196,977,Faith Oyama,oyamafaith9,oyamafaith9@gmail.com,2
3198,978,Adaoma Onyeukwu,adaomaonyeukwu,adaomaonyeukwu@gmail.com,2
3200,981,caleb olojo,Seven,calebolojo@gmail.com,1
3201,982,Nabilah Usman,nabilahummiusman,nabilahummiusman@gmail.com,6
3207,987,TBY,okeyinkaoluwatobi,okeyinkaoluwatobi@gmail.com,1
3208,989,Ebunoluwa Fadairo,mawhizzle,mawhizzle@gmail.com,7
3215,991,Dr. Lovenature,mails2drlovenature,mails2drlovenature@gmail.com,17
3232,995,Nneji Uzoma,uzomanneji,uzomanneji@gmail.com,5
3237,1001,Babawale Olojo,baolinnovationz,baolinnovationz@gmail.com,1
3238,1002,Iretioluwa Olawuyi,iretex1,iretex1@gmail.com,1
3239,1004,Kehinde olatubosun,flawedkay,flawedkay@gmail.com,16
3255,1005,Durrell Gemuh,durrellgemuh07,durrellgemuh07@gmail.com,1
3256,1006,kennedy udosen,kudosen93,kudosen93@gmail.com,1
3257,1007,Jude Ekata Unuebho,unuebhojude,unuebhojude@gmail.com,17
3274,1008,Joshua Erondu,joshuaerondu4,joshuaerondu4@gmail.com,2
3276,1010,Bernie Adjene,bernieadjene092,bernieadjene092@gmail.com,3
3279,1012,OMIDIORA EMMANUEL,omidioraemmanuel,omidioraemmanuel@gmail.com,1
3280,1016,happiness ime,inemudia19,inemudia19@gmail.com,2
3282,1019,kelechi oriaku,oriakukc,oriakukc@gmail.com,2
3284,1021,Ismaila Hassan,ismailah28,ismailah28@gmail.com,2
3286,1024,wahab ibrahim,boygenius30,boygenius30@gmail.com,4
3290,1026,Olalekan Ayinde,olamilekan.ayinde,olamilekan.ayinde@gmail.com,2
3292,1027,Albert Osekre,albert.osekre,albert.osekre@gmail.com,3
3295,1028,sandie cassie,sandiecassie470,sandiecassie470@gmail.com,2
3297,1029,Aloba Matthew,martmaldigital,martmaldigital@gmail.com,6
3303,1033,samuel ojukwu,topazdeepro,topazdeepro@gmail.com,12
3315,1035,Leke Ojo,ojopeta,ojopeta@gmail.com,1
3316,1036,Alao Kolapo,alaokolapo7,alaokolapo7@gmail.com,7
3323,1037,Larry Eban,bobualarry,bobualarry@gmail.com,1
3324,1039,Akowe Israel,israelakowe,israelakowe@gmail.com,20
3344,1041,Ayodeji Oludoyi,ayodejioludoyi,ayodejioludoyi@gmail.com,20
3364,1042,Dolapo Mubarak,dolapoyisamubarak,dolapoyisamubarak@gmail.com,2
3366,1043,Kayode Gabriel Abiodun,kayodegabriela,kayodegabriela@gmail.com,10
3376,1044,Malik Abdulaziz,Placeholder30,malikoabdulaziz@gmail.com,3
3379,1045,Abiodun Olunu,abiodunolunu,abiodunolunu@gmail.com,4
3383,1047,ukadike ochem,ochemukadike,ochemukadike@gmail.com,104
3487,1050,Agbo Monica,agbomonica.am,agbomonica.am@gmail.com,15
3502,1051,Dennis Etiwe,dennisetiwe,dennisetiwe@gmail.com,5
3507,1052,CHIDERA ISUMA,zokaire,zokaire@gmail.com,1
3508,1053,Nwankwo Gideon,uberposeidonn,uberposeidonn@gmail.com,2
3510,1055,Peter ipoola,peteripoola002,peteripoola002@gmail.com,1
3511,1058,Patricia Mandu,patdora.pm,patdora.pm@gmail.com,1
3512,1059,Osemwingie Oshodin,osemwingieoshodin,osemwingieoshodin@gmail.com,1
3513,1060,Timileyin Olaleye,olaleyetimy,olaleyetimy@gmail.com,2
3515,1062,Ifoghale Eguwe,wilson.eguwe,wilson.eguwe@gmail.com,7
3522,1065,Shakirat Koiki,kshakirat0,kshakirat0@gmail.com,1
3523,1068,Jimoh Tajuddeen T,jimohtajuddeen,jimohtajuddeen@gmail.com,1
3524,1072,Tobi Adeniji,adenijitobi94,adenijitobi94@gmail.com,15
3539,1075,Uche Chukwuemelie,uchemelie,uchemelie@gmail.com,6
3545,1076,Ahmad Yusuf,ahmadidi007,ahmadidi007@gmail.com,1
3546,1081,dot,olaifeolawore,olaifeolawore@gmail.com,7
3553,1088,Tosin Akinnaanu,tosyno2020,tosyno2020@gmail.com,3
3556,1092,samuel temitope,stemitope370,stemitope370@gmail.com,5
3561,1094,chidimma esione,coolfrancess,coolfrancess@gmail.com,4
3565,1096,Samson Radje,samody2006,samody2006@gmail.com,1
3566,1097,victor E,vimeron2020,vimeron2020@gmail.com,8
3574,1103,Victor Oluwaseun,oluwaseun.vi,oluwaseun.vi@gmail.com,5
3579,1104,Emmanuel Etim,immanueletim1,immanueletim1@gmail.com,4
3583,1107,Efe Okor,efeokor,efeokor@gmail.com,9
3592,1112,Joseph Obochi,obochi2,obochi2@gmail.com,6
3598,1117,Emjay Ekanem,emjayekanem,emjayekanem@gmail.com,3
3601,1119,abdulrahman yusuf,aabdulrahmanyusuf,aabdulrahmanyusuf@gmail.com,7
3608,1124,Alexis John,alheir1,alheir1@gmail.com,4
3612,1126,aneks chykkman,xdoxphotos,xdoxphotos@gmail.com,6
3618,1127,Ajayi Paul Olakiitan,ajayipaulolakiitan,ajayipaulolakiitan@gmail.com,1
3619,1128,meyoho lucky,meyoholucky,meyoholucky@gmail.com,7
3626,1134,Martini Mabifa,martinimabifa,martinimabifa@gmail.com,1
3627,1135,Damilola Onigbanjo,damilolaonigbanjo,damilolaonigbanjo@gmail.com,7
3634,1137,Joseph Udofia,josephudofia,josephudofia@gmail.com,5
3639,1138,Prosper sopuruchi,prosper.sopuruchi,prosper.sopuruchi@gmail.com,2
3641,1139,ifeka maximilian,ifekamaximilian,ifekamaximilian@gmail.com,2
3643,1140,Eziuche,chinzy26,chinzy26@gmail.com,1
3644,1143,champions pi,championspi9,championspi9@gmail.com,3
3647,1144,Emmanuel Essien,aessien23,aessien23@gmail.com,8
3655,1145,Elijah Adeleke,adedael,adedael@gmail.com,3
3658,1148,kojo bee,mathiasugbe,mathiasugbe@gmail.com,2
3660,1149,Lyndaline Nwogu,n.lyndaline,n.lyndaline@gmail.com,5
3665,1152,Sandra mohammed,Sandyahmed,olaeresandram@gmail.com,4
3669,1155,Ogundare Samuel,oluwadareysamuel,oluwadareysamuel@yahoo.com,5
3674,1158,Samuel oluwatosin,alakada2020,alakada2020@gmail.com,12
3686,1159,aigbiluese eronmonsele,eronmmer,eronmmer@gmail.com,1
3687,1160,Rebecca Uchendu,RebeccaUchendu,rebecckau@gmail.com,1
3688,1161,FaithIt,faithigumaasaka,faithigumaasaka@gmail.com,9
3697,1162,Ibe Shanny,chyshanny1,chyshanny1@gmail.com,5
3702,1168,Sulaimon Afarait,afaraitsulaimon,afaraitsulaimon@gmail.com,6
3708,1174,Emmanuel Uchechukwu Onyeke,emmexjun24,emmexjun24@gmail.com,5
3713,1178,Aishat Adefemi,adefemiaishat.aa,adefemiaishat.aa@gmail.com,2
3715,1179,Kadijat Okeowo,kadijatokeowo,kadijatokeowo@gmail.com,3
3718,1180,Ayodele Sadiq,marrsadiq,marrsadiq@gmail.com,1
3719,1182,Chibuike Onyenwezi,onyenwezichibuike,onyenwezichibuike@gmail.com,2
3721,1183,Gerald Direx,gerald.direxx,gerald.direxx@gmail.com,7
3728,1185,Toyin Kayode,tokayode,tokayode@gmail.com,1
3729,1186,Bello Fatima Modupe,mailtomodupe,mailtomodupe@gmail.com,1
3730,1187,Chukwuemeka Uwaezuoke,nnabuiheizunna,nnabuiheizunna@gmail.com,1
3731,1188,Oladapo Oluwamayowa,oladapo.oluwamayowa19,oladapo.oluwamayowa19@gmail.com,4
3735,1189,Wonderful Archibong,wondyarch007,wondyarch007@gmail.com,1
3736,1194,Gambo Leo Dauda,elesdeegambo,elesdeegambo@gmail.com,9
3745,1195,Ezeumeh Chidiebere,c.ezeumeh,c.ezeumeh@gmail.com,1
3746,1196,Okuofu xavier emmanuel,xavieremmanuel22,xavieremmanuel22@gmail.com,4
3750,1197,Nnebue Desmond,sirdesmond09,sirdesmond09@gmail.com,4
3754,1199,adekanye timilehin,adekanyetimilehin,adekanyetimilehin@gmail.com,2
3756,1201,Benjamin Bala,benjamin.bala.91,benjamin.bala.91@gmail.com,15
3771,1203,Macanthony Ahaotu,macvish1,macvish1@gmail.com,2
3773,1204,Abass Olabode,bodethomson1,bodethomson1@gmail.com,2
3775,1206,lateef shittu,shi2lateefolamide,shi2lateefolamide@gmail.com,4
3779,1208,Irene Efem,vodinafm,vodinafm@gmail.com,1
3780,1209,Sonia Amadi,nhaomaamadi,nhaomaamadi@gmail.com,6
3786,1210,Rufai Seidu,rufai.seidu92,rufai.seidu92@gmail.com,1
3787,1214,Ajao Toluwalope,Teequills,toluene4greatness@gmail.com,10
3797,1215,Emeruwa Joseph,emeruwajoseph,emeruwajoseph@gmail.com,3
3800,1218,Stanley Mukamba,stanleymukamba,stanleymukamba@gmail.com,4
3804,1219,Moshood Aderibigbe,flamingniyi,flamingniyi@gmail.com,1
3805,1222,okere chinomso,okerenomso,okerenomso@gmail.com,2
3807,1224,Dimeji Pamilerin,dimejismile,dimejismile@gmail.com,1
3808,1225,Venn Oputa,vennoputa,vennoputa@gmail.com,1
3809,1227,iniodu Emmanuel,iaminiodu,iaminiodu@gmail.com,16
3825,1229,Ayomide Abraham,heywhy154,heywhy154@gmail.com,1
3826,1230,Aniema Edet,alreadyprovided,alreadyprovided@gmail.com,3
3829,1232,felix ekechi,feekechi,feekechi@gmail.com,1
3830,1234,Jimoh Waliyullah,waliyullahjimoh,waliyullahjimoh@gmail.com,6
3836,1235,Obed Muyiwa,obedmuyiwa,obedmuyiwa@gmail.com,5
3841,1237,Jasmine Osai,jasmineosai,jasmineosai@gmail.com,5
3846,1238,Adebola Bunmi,bgbiri92,bgbiri92@gmail.com,4
3850,1239,Amoo Olusola Simeon,archyonrails,archyonrails@gmail.com,1
3851,1242,olabode amos,amosolabode30,amosolabode30@gmail.com,7
3858,1243,sunrise onuoha,glowiesempire,glowiesempire@gmail.com,5
3863,1245,Ditimi Akene,ditimiakene,ditimiakene@gmail.com,1
3864,1246,Jimoh Lukman Adeyemi,jaylukmann,jaylukmann@gmail.com,8
3872,1249,abigail felix,abigailfelix2,abigailfelix2@gmail.com,2
3874,1250,Haruna George Adejoh,harunageorge829,harunageorge829@gmail.com,4
3878,1251,Ayilara Olamilekan Sodiq,olamilekan.adekunle,olamilekan.adekunle@gmail.com,5
3883,1252,Amodu Wasiu Ola_adewale,Sidebone,sideboneog@gmail.com,2
3885,1255,Damilola H. Balogun,b.damylola,b.damylola@gmail.com,13
3898,1257,Tunde James,tundejames04,tundejames04@gmail.com,2
3900,1264,Tolu Garuba,tolugaruba,tolugaruba@gmail.com,1
3901,1265,emmanuel chinons0,emmanuelchinons9,emmanuelchinons@gmail.com,1
3902,1269,Wusu David,metrowusu,metrowusu@gmail.com,7
3909,1270,seun fagade,gidikraft,seunfagade@gmail.com,4
3913,1271,obalana tosin,obalanatosin16,obalanatosin16@gmail.com,3
3916,1272,Kolawole Desmond,kolawolefolorunsho,kolawolefolorunsho@gmail.com,1
3917,1274,Aniebiet Afia,aniebietafia87,aniebietafia87@gmail.com,1
3918,1275,Armand Tiakanang,Armand,atiakanang@gmail.com,3
3921,1278,Samuel Chukwuemeka,oilgasman48,oilgasman48@gmail.com,1
3922,1280,Folafunmi Mustapha,folafunmimustapha,folafunmimustapha@gmail.com,2
3924,1281,Iyabo Atoyebi,Zeetoye,rolishay97@gmail.com,19
3943,1282,Ndiuwem Ekong,ndiuwemekong,ndiuwemekong@gmail.com,7
3950,1286,Ifeoluwa Wuraola,wuraolaifeoluwa,wuraolaifeoluwa@gmail.com,5
3955,1291,Isreal Bankole,oyefolarinbankole97,oyefolarinbankole97@gmail.com,2
3957,1293,Chimere Umunnakwe,ecumunnakwe,ecumunnakwe@gmail.com,5
3962,1294,Aseweje Ayooluwa,ayooluwaaseweje,ayooluwaaseweje@gmail.com,1
3963,1296,Abiodun Abolarinwa,biocell007,biocell007@gmail.com,1
3964,1297,Lucky Dennis,luckydavdennis,luckydavdennis@gmail.com,1
3965,1298,Ubong Attuah,adunel001,adunel001@gmail.com,9
3974,1299,enita omuvwie,anitaenita94,anitaenita94@gmail.com,1
3975,1302,Opeyemi Falooto,opeyemifalooto,opeyemifalooto@gmail.com,3
3978,1306,Philip Onyeador,philiponyeador,philiponyeador@gmail.com,4
3982,1308,OJORE CHRIS,ojorechris,ojorechris@gmail.com,10
3992,1312,Victor Okonkwo,smartyvic49.vo,smartyvic49.vo@gmail.com,15
4007,1314,Ogbonna Mathias,alexzandher400,alexzandher400@gmail.com,4
4011,1315,Joe Freely,joefreely2012,joefreely2012@gmail.com,1
4012,1318,oluwajuwon fawole,fawoleoluwajuwon,fawoleoluwajuwon@gmail.com,4
4016,1322,Elisha Ekanem,EasyE25,ekanemelisha@gmail.com,6
4022,1325,Oluwasomidotun Odumosu,dotunodumosu,dotunodumosu@gmail.com,15
4037,1326,louis ramsey,madelouisramsey,madelouisramsey@gmail.com,1
4038,1327,Helen Collins-Eromosele,helenokonicha,helenokonicha@gmail.com,23
4061,1330,James Chima,chima.mjames,chima.mjames@gmail.com,1
4062,1333,Dotun Isola,Dotunisola,isoladotun@gmail.com,5
4067,1334,Dark Angel ?,thomasjodyhatfield,css@gmail.com,4
4071,1337,Muhammed Musa,azimimuhammed,azimimuhammed@gmail.com,3
4074,1339,Anita Chiz-Ugeh,aodeigah26,aodeigah26@gmail.com,17
4091,1340,saudat salawudeen,ssalawudeen06,ssalawudeen06@gmail.com,8
4099,1341,Ebenezer Akinsanya,akinebee,akinebee@gmail.com,1
4100,1343,Okoro Ikechukwu,ikeshegs,ikeshegs@gmail.com,6
4106,1344,Joy Asuquo,jooyclair,jooyclair@gmail.com,1
4107,1346,Chukwuebuka Ernest-Opara,ernest.ebuka,ernest.ebuka@gmail.com,8
4115,1348,Muneer Abdullahi,Muneer,muneermabdullahi@gmail.com,4
4119,1349,Olubukola Ayemonisan,ayemonisanolubukola,ayemonisanolubukola@gmail.com,2
4121,1351,Abdullahi Luqman,luqmonac56,luqmonac56@gmail.com,1
4122,1353,Mayowa Odetunde,mayowaodetunde,mayowaodetunde@gmail.com,1
4123,1356,Tolu Olawumi,thetoluolawumi,thetoluolawumi@gmail.com,2
4125,1361,Motunrayo Sowole,motunsowole,motunsowole@gmail.com,3
4128,1362,Daniel Olasoji,iamdanielolasoji,iamdanielolasoji@gmail.com,4
4132,1363,Mary Jonah,jonahmary17,jonahmary17@gmail.com,1
4133,1366,Idayat Olaide,idayatolaide0,idayatolaide0@gmail.com,1
4134,1368,Yusuf AbdulBasit Olajide,jideotetic,jideotetic@gmail.com,4
4138,1370,sufianu opeyemi,sufianuopeyemi,sufianuopeyemi@gmail.com,4
4142,1371,Jenniline Ebai,jennilineebai,jennilineebai@gmail.com,1
4143,1373,Demilade Oyedele,demilade.oyedele,demilade.oyedele@gmail.com,1
4144,1374,Emem-Abasi Akpan,akpanememabasi,akpanememabasi@gmail.com,5
4149,1376,'Damilola Taylor,damilola.taylor,damilola.taylor@gmail.com,1
4150,1379,Daniel Daniel,danielekanems,danielekanems@gmail.com,2
4152,1380,otobong akpanudo,akpanudootobong,akpanudootobong@gmail.com,9
4161,1384,Bardeson Lucky,flashup4all,flashup4all@gmail.com,4
4165,1385,Oyindamola Abiola,mdcodes2308,mdcodes2308@gmail.com,8
4173,1386,Nonso Ezechukwu,itsnonso97,ezechukwu.nonso@yahoo.com,8
4181,1390,Amos Imoh,amosrichy,amosrichy@gmail.com,12
4193,1393,Adio Ayomide,adioayomide6,adioayomide6@gmail.com,4
4197,1396,7 Cowries Media,abiodun2010toyosi,abiodun2010toyosi@gmail.com,2
4199,1397,Lami Williams,lamiwilliams,w.olamideesther@gmail.com,5
4204,1399,Ikepo Williams,ikepowilliamss,ikepowilliamss@gmail.com,6
4210,1400,paul awe,awe.paulsq,awe.paulsq@gmail.com,14
4224,1403,akindele taiwo,akindeletaiwo09,akindeletaiwo09@gmail.com,4
4228,1404,Johnbosco Ibemere,boscotec.inc,boscotec.inc@gmail.com,1
4229,1406,olaleye jedidiah,olaleyejedidiah,olaleyejedidiah@gmail.com,1
4230,1409,Taiwo Sodiq,oyeniyi4real,oyeniyi4real@gmail.com,1
4231,1411,Nasrullah Olajide,folanas10,folanas10@gmail.com,1
4232,1412,Yinka,justyincah,justyincah@gmail.com,1
4233,1413,Nnadozie Alozie,aloziennadozie,aloziennadozie@gmail.com,1
4234,1414,lasisi sodiq,sodiqlasisi30,sodiqlasisi30@gmail.com,3
4237,1416,Ogunmoye Victor,ogunmoyevictor,ogunmoyevictor@gmail.com,2
4239,1418,ANNY OKON,annyhotsparkles,annyhotsparkles@gmail.com,3
4242,1422,olowe olumide,luvventures,luvventures@gmail.com,8
4250,1423,Opeyemi Alabi,opeyemitaiwo.a,opeyemitaiwo.a@gmail.com,1
4251,1424,Odunlade Oluwaseyi,seyiodunlade1,seyiodunlade1@gmail.com,1
4252,1427,Adeolu Adenugba,adeolu3000,adeolu3000@gmail.com,6
4258,1428,Ngozi celeste,melissacinta,melissacinta@gmail.com,2
4260,1429,sylva maduneche,sylvamaduneche,sylvamaduneche@gmail.com,9
4269,1432,Precious Classicmb,preciousclassicmb,preciousclassicmb@gmail.com,5
4274,1434,Patrick Inaynagetoh,inyangetohpatrick,inyangetohpatrick@gmail.com,3
4277,1435,Tom Edidiong,edidiongtom,edidiongtom@gmail.com,1
4278,1437,Timothy Samuel,psalmuel4praiz,psalmuel4praiz@gmail.com,1
4279,1438,Paschaline Uloma Uwanuakwa,Jolie,hycenthuloma36@gmail.com,5
4284,1440,Jide Aderoju,aderojujide03,aderojujide03@gmail.com,13
4297,1441,Gabriel Aggrey,gabaggrey,gabaggrey@gmail.com,2
4299,1442,Emmanuel A Adebayo,adebayoemmanuelaa,adebayoemmanuelaa@gmail.com,1
4300,1443,Osahon Ighodaro,ieosahon,ieosahon@gmail.com,2
4302,1447,Paschal Erhurun,erhurunp,erhurunp@gmail.com,4
4306,1448,Eseyin Johnson,lseyi2020,lseyi2020@gmail.com,4
4310,1449,Emmanuel Alege,emmaalege,emmaalege@gmail.com,6
4316,1451,Naomi Anthony,naomianthony279,naomianthony279@gmail.com,2
4318,1455,Maxi Nero,maxinero1978,maxinero1978@gmail.com,4
4322,1462,Musa Bello,mbibrahim.4,mbibrahim.4@gmail.com,2
4324,1463,Balogun Bolaji,balogunbolaji61,balogunbolaji61@gmail.com,5
4329,1465,Ololade Sanusi Ahmed,elsanslagos,elsanslagos@gmail.com,1
4330,1466,David Asiegbu,davidasiegbu1,davidasiegbu1@gmail.com,1
4331,1468,Jennifer CU,jenniferudenze,jenniferudenze@gmail.com,1
4332,1473,Tobi Aina,Aina,tobi.aina96@gmail.com,4
4336,1476,Rita Uzoka,uzokar,uzokar@gmail.com,1
4337,1477,Olumide Omitiran,oomitiran,oomitiran@gmail.com,1
4338,1480,EMMANUEL ETUMUDON,treasureboy09,treasureboy09@gmail.com,5
4343,1481,Temitope Adegbeyeni,temmytope60,temmytope60@gmail.com,4
4347,1483,oyinloye adebayo Timilehin,oyinkeyede1998,oyinkeyede1998@gmail.com,4
4351,1485,Victor Oluwadamilare,obasanyatimilehin24,obasanyatimilehin24@gmail.com,1
4352,1487,Lawal Tomiwa,lawaltormmy,lawaltormmy@gmail.com,3
4355,1491,Timothy Oluwaseun Ogunyemi,timothyogunyemi,timothyogunyemi@gmail.com,9
4364,1493,Chris Andasei,qris09,qris09@gmail.com,14
4378,1497,Micheal Ajirireloja,aechealgr8,aechealgr8@gmail.com,3
4381,1504,Moyib Adetola,mideyyadetola,mideyyadetola@gmail.com,3
4384,1505,Babatunji Falode,falodesamueltj,falodesamueltj@gmail.com,2
4386,1506,Maryjane Akpagbue,akpagbuemaryjane,akpagbuemaryjane@gmail.com,6
4392,1508,oluwasegun success,oluwasegunsuccess,oluwasegunsuccess@gmail.com,1
4393,1509,Cynthia Peter,cynthiapeterpearl,cynthiapeterpearl@gmail.com,4
4397,1510,charles ugbana,charlesugbana04,charlesugbana04@gmail.com,1
4398,1514,oluwatobiloba sokefun,tobilobasokefun,tobilobasokefun@gmail.com,3
4401,1518,Ajayi Tomisin,tomisinajayi,tomisinajayi@gmail.com,2
4403,1519,Frank Dede,frankkingnun,frankkingnun@gmail.com,1
4404,1524,Onome Ejiroghene,prettyonome,prettyonome@gmail.com,2
4406,1525,Rita Udoh,ritaudoh36,ritaudoh36@gmail.com,3
4409,1528,oluwaseyi adaramola,oluwaseyiadara95,oluwaseyiadara95@gmail.com,2
4411,1529,Nneamaka Chalokwu,chalokwun,chalokwun@gmail.com,8
4419,1532,okechukwu echetaldike,eclectic4eva,eclectic4eva@gmail.com,1
4420,1533,Gist with ehneskay Tim,sukitim1663,sukitim1663@gmail.com,1
4421,1535,Ikechukwu,oikechukwu11,oikechukwu11@gmail.com,1
4422,1536,Margaret Udoette,megudoette1,megudoette1@gmail.com,3
4425,1540,Obinna Udeagha,obinnaudeagha1,obinnaudeagha1@gmail.com,7
4432,1550,Henry Emeh,henryemeh,henryemeh@gmail.com,3
4435,1554,ADMINIXTRATOR,sadiqheritage927,sadiqheritage927@gmail.com,4
4439,1564,Deborah Briggs,briggsdeborahokorite,briggsdeborahokorite@gmail.com,8
4447,1575,Adebayo Omotesho,tesh,adeniyi411@gmail.com,1
4448,1577,Linda Oranya,ol.oranya1,ol.oranya1@gmail.com,4
4452,1582,Feranmi Adedokun,adedokunoluwaferanmi,adedokunoluwaferanmi@gmail.com,1
4453,1586,Ceci Amanye Sirri,cecilesirri,cecilesirri@gmail.com,1
4454,1589,Jones Abriku,ovojones692,ovojones692@gmail.com,1
4455,1590,seun adesina,seuns.adesina,seuns.adesina@gmail.com,4
4459,1591,IMOH ESSIET,imohessiet,imohessiet3@gmail.com,9
4468,1594,Anyanti Danny,daniel.anyanti,daniel.anyanti@gmail.com,17
4485,1597,elo agbawe,eloagbawe,eloagbawe@gmail.com,1
4486,1598,Damian Oshiomekhale Afemikhe,deafemikhe,deafemikhe@gmail.com,1
4487,1606,Opeyemi Aboderin,opeyemielite,opeyemielite@gmail.com,2
4489,1607,Qaasim Muhammad Akorede,qaasim405,qaasim405@gmail.com,8
4497,1609,Haneefah Abdul-Rahman Lekki,haneefahlekki,haneefahlekki@gmail.com,1
4498,1612,Adotse Samuel,adotsesamuel,adotsesamuel@gmail.com,2
4500,1615,Victoria Ajise,ajisevictoria,ajisevictoria@gmail.com,1
4501,1619,Ayobami Matthew,haryourbhamie,haryourbhamie@gmail.com,1
4502,1622,Marvellous Sam-kayode,marvelloussamkayode,marvelloussamkayode@gmail.com,8
4510,1623,Chiz-Ugeh Macximillian .I.,milly4418,milly4418@gmail.com,12
4522,1626,Oba Temitope,obatemitope,obatemitope@gmail.com,1
4523,1635,Adeyemi Aidi,Ade,aidikuburatadeyemi@gmail.com,1
4524,1639,Tolu Wojuola,toluwojuola,toluwojuola@gmail.com,7
4531,1640,icheke chinaza,ichekechinaza77,ichekechinaza77@gmail.com,5
4536,1642,Nnadi Lambert,nnadilambertchigekwu,nnadilambertchigekwu@gmail.com,5
4541,1645,Oloruntobi Junaid,easytobeh,easytobeh@gmail.com,4
4545,1646,Christopher Nsikak,christophernsikak1,christophernsikak1@gmail.com,1
4546,1648,Olaniyi Ajayi,ajayiolaniyi8,ajayiolaniyi8@gmail.com,7
4553,1650,Peter Ipoola,peteripoola,peteripoola@gmail.com,1
4554,1652,Ayokunle Saba,jioshabby,jioshabby@gmail.com,1
4555,1653,Olusegun Ekoh,segun.ekoh,segun.ekoh@gmail.com,1
4556,1658,Timothy Mayor,timothymayor24,timothymayor24@gmail.com,24
4580,1660,Omolola Richard,omololarichard,omololarichard@gmail.com,24
4604,1661,Code Pickin,codepickin,codepickin@gmail.com,1
4605,1667,Gabrielle Kurah,gskurah,gskurah@gmail.com,12
4617,1669,Oluwasegun Ilesanmi,ilesanmishegs,ilesanmishegs@gmail.com,7
4624,1675,Ekikere-abasi  Ekere,ekisnzaki,ekisnzaki@gmail.com,2
4626,1676,Micheal Ogbeide,michealogbeide19,michealogbeide19@gmail.com,2
4628,1680,Osas Peterson,feelosas,feelosas@gmail.com,3
4631,1681,Uzochukwu Chukwujekwu,ebubecster,ebubecster@gmail.com,1
4632,1690,Arthur Kariuki,arthurkariuki81,arthurkariuki81@gmail.com,10
4642,1695,Agboola Eniola,agbool.eniola4031,agbool.eniola4031@gmail.com,4
4646,1699,Oladiti Joshua,oladitij37,oladitij37@gmail.com,1
4647,1700,Awopetu Rasheed,damicodd123,damicodd123@gmail.com,4
4651,1703,kim israel,skaiflex6,skaiflex6@gmail.com,1
4652,1707,Jimoh Nafeesat,jimohn97,jimohn97@gmail.com,2
4654,1709,Ifeanyichukwu Egbunonu,ipheanyee,ipheanyee@gmail.com,4
4658,1718,Talabi Olufemi,talabiolufemi22,talabiolufemi22@gmail.com,3
4661,1732,Ben Alex,benalex594,benalex594@gmail.com,8
4669,1733,Olawale Oguntade,olawale.oguntade,olawale.oguntade@gmail.com,3
4672,1743,Oluwakemi Richard,kemierichard,kemierichard@gmail.com,9
4681,1747,Philip Samuel,ctrlaltdeligt7,ctrlaltdeligt7@gmail.com,1
4682,1750,Olajesu Adelugba,olajesuadelugba,olajesuadelugba@gmail.com,1
4683,1751,oladipupo ajose,doheto2003,doheto2003@gmail.com,2
4685,1759,Michael Idornigie,midornigie,midornigie@gmail.com,1
4686,1762,Tobiloba Emmanuel,tobilobaorekoya19,tobilobaorekoya19@gmail.com,1
4687,1765,ikenna ogu,talk2iyk,talk2iyk@gmail.com,2
4689,1772,Success Ndubuisi Egesi,success4life18,success4life18@gmail.com,6
4695,1781,Mohammed Bello,mohammedbello678,mohammedbello678@gmail.com,2
4697,1783,Festus Idowu,idowufestustemiloluwa2,idowufestustemiloluwa2@gmail.com,1
4698,1793,Collins Atada,collinsatada,collinsatada@gmail.com,1
4699,1795,Ezeoke Chioma,chiomadecency0,chiomadecency0@gmail.com,11
4710,1799,Aka David Emeka,akaemekadav,akaemekadav@gmail.com,1
4711,1801,tim fin,tikaretomiloba,tikaretomiloba@gmail.com,1
4712,1806,Adetayo Akinsanya,akinsanyaadetayo,akinsanyaadetayo@gmail.com,3
4715,1807,James Dayo,jdayo2012,jdayo2012@gmail.com,7
4722,1808,Rutherford  Ejimonu,rutherford.ejim,rutherford.ejim@gmail.com,2
4724,1836,Abdulwahab Nasir,weybansky,weybansky@gmail.com,6
4730,1839,Ekemini Okpongkpong,kemimie,kemiokpongkpong@gmail.com,1
4731,1842,Ezra Ogianyo,saintmcdarlin,saintmcdarlin@gmail.com,2
4733,1847,Gospel Okpara,gospelokpara,gospelokpara@gmail.com,2
4735,1851,Joel Ogunsumi,joeloguns,joeloguns@gmail.com,4
4739,1859,Bimbola Segun-Amao,bimbola,bimbola303@gmail.com,5
4744,1860,Michael Odeyemi,myke4reel,myke4reel@gmail.com,1
4745,1862,Stanford Nwosu,patrickfordbiz,patrickfordbiz@gmail.com,3
4748,1867,Sandra Emenike,saahandra,saahandra@gmail.com,1
4749,1878,Durowade Najm,najmdurowade,najmdurowade@gmail.com,1
4750,1883,Victor Usoro,excel.v7,excel.v7@gmail.com,1
4751,1888,Godstar Ogbara,stgodstar,stgodstar@gmail.com,5
4756,1890,Ayovunefe Precious,preciousayovunefe,preciousayovunefe@gmail.com,1
4757,1896,khalid adan,khalidissackadan,khalidissackadan@gmail.com,1
4758,1904,Adebayo Ilerioluwa,adebayorilerioluwa,adebayorilerioluwa@gmail.com,1
4759,1915,Uche Pascal Ofuokwu,ucshaya,ucshaya@gmail.com,4
4763,1926,francisca amaka,amakaonyejekwe841,amakaonyejekwe841@gmail.com,40
4803,1946,Osawere O. Anthony,odao.ai,anthony@osawere.com,2
4805,1947,Deji Aroloye,dejiloyephotography,dejiloyephotography@gmail.com,1
4806,1950,AYODEJI SAMSON,ayodeji.ajetunmobi,ayodeji.ajetunmobi@gmail.com,3
4809,1982,Wasiu Adebayo,wadebayo,wadebayo30@gmail.com,1
4810,1987,Adesanoye Samson,adesanoye.samson1,adesanoye.samson@yahoo.com,1
